"id","name","description","price","discount","stock","images","rating","review_count","is_out_of_stock","is_active","category_id","created_by","created_at","updated_at","details"
"7e2e2e2a-1b2c-4d5e-8f9a-1234567890ab","Apple","Fresh red apples","120.00","10.00",50,"{https://picsum.photos/200?1}","4.50",10,False,True,"11111111-1111-1111-1111-111111111111","a1b2c3d4-e5f6-7890-1234-567890abcdef","2025-06-22 14:28:24.704092+05:30","2025-06-22 14:28:24.704092+05:30","{}"
"8f3b3b3c-2c3d-5e6f-9a0b-2345678901bc","Banana","Sweet bananas","60.00","5.00",100,"{https://picsum.photos/200?2}","4.20",8,False,True,"11111111-1111-1111-1111-111111111111","a1b2c3d4-e5f6-7890-1234-567890abcdef","2025-06-22 14:28:24.704092+05:30","2025-06-22 14:28:24.704092+05:30","{}"
"9a4c4c4d-3d4e-6f7a-0b1c-3456789012cd","Orange","Juicy oranges","80.00","8.00",70,"{https://picsum.photos/200?3}","4.30",12,False,True,"11111111-1111-1111-1111-111111111111","a1b2c3d4-e5f6-7890-1234-567890abcdef","2025-06-22 14:28:24.704092+05:30","2025-06-22 14:28:24.704092+05:30","{}"
"ab5d5d5e-4e5f-7a8b-1c2d-4567890123de","Grapes","Seedless grapes","150.00","12.00",40,"{https://picsum.photos/200?4}","4.60",9,False,True,"11111111-1111-1111-1111-111111111111","a1b2c3d4-e5f6-7890-1234-567890abcdef","2025-06-22 14:28:24.704092+05:30","2025-06-22 14:28:24.704092+05:30","{}"
"bc6e6e6f-5f6a-8b9c-2d3e-5678901234ef","Mango","Alphonso mangoes","200.00","15.00",30,"{https://picsum.photos/200?5}","4.80",15,False,True,"11111111-1111-1111-1111-111111111111","a1b2c3d4-e5f6-7890-1234-567890abcdef","2025-06-22 14:28:24.704092+05:30","2025-06-22 14:28:24.704092+05:30","{}"
"cd7f7f7a-6a7b-9c0d-3e4f-6789012345fa","Tomato","Fresh tomatoes","40.00","5.00",80,"{https://picsum.photos/200?6}","4.10",7,False,True,"22222222-2222-2222-2222-222222222222","a1b2c3d4-e5f6-7890-1234-567890abcdef","2025-06-22 14:28:24.704092+05:30","2025-06-22 14:28:24.704092+05:30","{}"
"de808081-7b8c-0d1e-4f5a-7890123456ab","Potato","Organic potatoes","30.00","3.00",120,"{https://picsum.photos/200?7}","4.00",6,False,True,"22222222-2222-2222-2222-222222222222","a1b2c3d4-e5f6-7890-1234-567890abcdef","2025-06-22 14:28:24.704092+05:30","2025-06-22 14:28:24.704092+05:30","{}"
"ef919192-8c9d-1e2f-5a6b-8901234567bc","Carrot","Crunchy carrots","50.00","6.00",60,"{https://picsum.photos/200?8}","4.40",11,False,True,"22222222-2222-2222-2222-222222222222","a1b2c3d4-e5f6-7890-1234-567890abcdef","2025-06-22 14:28:24.704092+05:30","2025-06-22 14:28:24.704092+05:30","{}"
"f0a2a2a3-9d0e-2f3a-6b7c-9012345678cd","Spinach","Fresh spinach","35.00","4.00",90,"{https://picsum.photos/200?9}","4.20",5,False,True,"22222222-2222-2222-2222-222222222222","a1b2c3d4-e5f6-7890-1234-567890abcdef","2025-06-22 14:28:24.704092+05:30","2025-06-22 14:28:24.704092+05:30","{}"
"01b3b3b4-0e1f-3a4b-7c8d-0123456789de","Broccoli","Green broccoli","70.00","7.00",35,"{https://picsum.photos/200?10}","4.50",8,False,True,"22222222-2222-2222-2222-222222222222","a1b2c3d4-e5f6-7890-1234-567890abcdef","2025-06-22 14:28:24.704092+05:30","2025-06-22 14:28:24.704092+05:30","{}"
"12c4c4c5-1f2a-4b5c-8d9e-1234567890ef","Milk","Full cream milk","60.00","5.00",100,"{https://picsum.photos/200?11}","4.70",20,False,True,"33333333-3333-3333-3333-333333333333","a1b2c3d4-e5f6-7890-1234-567890abcdef","2025-06-22 14:28:24.704092+05:30","2025-06-22 14:28:24.704092+05:30","{}"
"23d5d5d6-2a3b-5c6d-9e0f-2345678901fa","Curd","Fresh curd","50.00","4.00",60,"{https://picsum.photos/200?12}","4.30",10,False,True,"33333333-3333-3333-3333-333333333333","a1b2c3d4-e5f6-7890-1234-567890abcdef","2025-06-22 14:28:24.704092+05:30","2025-06-22 14:28:24.704092+05:30","{}"
"34e6e6e7-3b4c-6d7e-0f1a-3456789012ab","Paneer","Soft paneer","200.00","10.00",40,"{https://picsum.photos/200?13}","4.60",14,False,True,"33333333-3333-3333-3333-333333333333","a1b2c3d4-e5f6-7890-1234-567890abcdef","2025-06-22 14:28:24.704092+05:30","2025-06-22 14:28:24.704092+05:30","{}"
"45f7f7f8-4c5d-7e8f-1a2b-4567890123bc","Butter","Creamy butter","250.00","12.00",25,"{https://picsum.photos/200?14}","4.80",12,False,True,"33333333-3333-3333-3333-333333333333","a1b2c3d4-e5f6-7890-1234-567890abcdef","2025-06-22 14:28:24.704092+05:30","2025-06-22 14:28:24.704092+05:30","{}"
"56a8a8a9-5d6e-8f9a-2b3c-5678901234cd","Cheese","Cheddar cheese","300.00","15.00",20,"{https://picsum.photos/200?15}","4.90",18,False,True,"33333333-3333-3333-3333-333333333333","a1b2c3d4-e5f6-7890-1234-567890abcdef","2025-06-22 14:28:24.704092+05:30","2025-06-22 14:28:24.704092+05:30","{}"
"67b9b9ba-6e7f-9a0b-3c4d-6789012345de","Bread","Whole wheat bread","40.00","5.00",70,"{https://picsum.photos/200?16}","4.20",9,False,True,"44444444-4444-4444-4444-444444444444","a1b2c3d4-e5f6-7890-1234-567890abcdef","2025-06-22 14:28:24.704092+05:30","2025-06-22 14:28:24.704092+05:30","{}"
"78cacacb-7f8a-0b1c-4d5e-7890123456ef","Bun","Soft buns","30.00","3.00",80,"{https://picsum.photos/200?17}","4.10",7,False,True,"44444444-4444-4444-4444-444444444444","a1b2c3d4-e5f6-7890-1234-567890abcdef","2025-06-22 14:28:24.704092+05:30","2025-06-22 14:28:24.704092+05:30","{}"
"89dbdbdc-8a9b-1c2d-5e6f-8901234567fa","Cake","Chocolate cake","400.00","20.00",15,"{https://picsum.photos/200?18}","4.70",16,False,True,"44444444-4444-4444-4444-444444444444","a1b2c3d4-e5f6-7890-1234-567890abcdef","2025-06-22 14:28:24.704092+05:30","2025-06-22 14:28:24.704092+05:30","{}"
"9aecedee-9b0c-2d3e-6f7a-9012345678ab","Croissant","Buttery croissant","60.00","6.00",30,"{https://picsum.photos/200?19}","4.50",10,False,True,"44444444-4444-4444-4444-444444444444","a1b2c3d4-e5f6-7890-1234-567890abcdef","2025-06-22 14:28:24.704092+05:30","2025-06-22 14:28:24.704092+05:30","{}"
"abfcfcfd-0c1d-3e4f-7a8b-0123456789bc","Donut","Glazed donut","50.00","5.00",40,"{https://picsum.photos/200?20}","4.60",11,False,True,"44444444-4444-4444-4444-444444444444","a1b2c3d4-e5f6-7890-1234-567890abcdef","2025-06-22 14:28:24.704092+05:30","2025-06-22 14:28:24.704092+05:30","{}"
"ea1a53cd-30ec-41e8-8cb5-686c1ce4988b","Apple","Fresh red apples","120.00","10.00",50,"{https://picsum.photos/200?1}","0.00",0,False,True,"11111111-1111-1111-1111-111111111111","a1b2c3d4-e5f6-7890-1234-567890abcdef","2025-06-23 17:43:02.324+05:30","2025-06-23 17:43:02.324+05:30","{}"
"d9cc91ce-0f1d-4e30-9ee7-00321cd40cbe","Banana","Sweet bananas","60.00","5.00",100,"{https://picsum.photos/200?2}","0.00",0,False,True,"11111111-1111-1111-1111-111111111111","a1b2c3d4-e5f6-7890-1234-567890abcdef","2025-06-23 17:43:02.324+05:30","2025-06-23 17:43:02.324+05:30","{}"
"6b637ce7-4df3-4b5d-ab3f-22c962b0d8a9","Orange","Juicy oranges","80.00","8.00",70,"{https://picsum.photos/200?3}","0.00",0,False,True,"11111111-1111-1111-1111-111111111111","a1b2c3d4-e5f6-7890-1234-567890abcdef","2025-06-23 17:43:02.324+05:30","2025-06-23 17:43:02.324+05:30","{}"
"133a47f9-72d1-42c3-a535-0197412e1928","Grapes","Seedless grapes","150.00","12.00",40,"{https://picsum.photos/200?4}","0.00",0,False,True,"11111111-1111-1111-1111-111111111111","a1b2c3d4-e5f6-7890-1234-567890abcdef","2025-06-23 17:43:02.324+05:30","2025-06-23 17:43:02.324+05:30","{}"
"cbb854cb-4750-4820-9911-01dafefdc18d","Mango","Alphonso mangoes","200.00","15.00",30,"{https://picsum.photos/200?5}","0.00",0,False,True,"11111111-1111-1111-1111-111111111111","a1b2c3d4-e5f6-7890-1234-567890abcdef","2025-06-23 17:43:02.324+05:30","2025-06-23 17:43:02.324+05:30","{}"
"d9813e70-1dbe-4d17-9f4b-d0d39df12b88","Tomato","Fresh tomatoes","40.00","5.00",80,"{https://picsum.photos/200?6}","0.00",0,False,True,"22222222-2222-2222-2222-222222222222","a1b2c3d4-e5f6-7890-1234-567890abcdef","2025-06-23 17:43:02.324+05:30","2025-06-23 17:43:02.324+05:30","{}"
"1f24f0d2-517f-40fc-9311-dab4b6ea0376","Potato","Organic potatoes","35.00","7.00",90,"{https://picsum.photos/200?7}","0.00",0,False,True,"22222222-2222-2222-2222-222222222222","a1b2c3d4-e5f6-7890-1234-567890abcdef","2025-06-23 17:43:02.324+05:30","2025-06-23 17:43:02.324+05:30","{}"
"d3801d35-fa44-4e27-a750-d67afc744dc1","Carrot","Crunchy carrots","50.00","5.00",60,"{https://picsum.photos/200?8}","0.00",0,False,True,"22222222-2222-2222-2222-222222222222","a1b2c3d4-e5f6-7890-1234-567890abcdef","2025-06-23 17:43:02.324+05:30","2025-06-23 17:43:02.324+05:30","{}"
"f04b0ae4-6ef9-4f12-9419-d3515c6a29a4","Spinach","Fresh spinach","35.00","4.00",90,"{https://picsum.photos/200?9}","0.00",0,False,True,"22222222-2222-2222-2222-222222222222","a1b2c3d4-e5f6-7890-1234-567890abcdef","2025-06-23 17:43:02.324+05:30","2025-06-23 17:43:02.324+05:30","{}"
"440237e3-0ced-45f8-9b75-eb077d8befba","Broccoli","Green broccoli","70.00","7.00",35,"{https://picsum.photos/200?10}","0.00",0,False,True,"22222222-2222-2222-2222-222222222222","a1b2c3d4-e5f6-7890-1234-567890abcdef","2025-06-23 17:43:02.324+05:30","2025-06-23 17:43:02.324+05:30","{}"
"36659efc-3fec-4759-a1b7-78990efabd6f","Apple","Fresh red apples","120.00","10.00",50,"{https://picsum.photos/200?1}","0.00",0,False,True,"11111111-1111-1111-1111-111111111111","a1b2c3d4-e5f6-7890-1234-567890abcdef","2025-06-23 17:43:27.122+05:30","2025-06-23 17:43:27.122+05:30","{}"
"7ef1d42a-c741-4b0c-8b95-2c07b145a193","Banana","Sweet bananas","60.00","5.00",100,"{https://picsum.photos/200?2}","0.00",0,False,True,"11111111-1111-1111-1111-111111111111","a1b2c3d4-e5f6-7890-1234-567890abcdef","2025-06-23 17:43:27.122+05:30","2025-06-23 17:43:27.122+05:30","{}"
"d928718f-a41c-40eb-aafb-6ff923a8257b","Orange","Juicy oranges","80.00","8.00",70,"{https://picsum.photos/200?3}","0.00",0,False,True,"11111111-1111-1111-1111-111111111111","a1b2c3d4-e5f6-7890-1234-567890abcdef","2025-06-23 17:43:27.122+05:30","2025-06-23 17:43:27.122+05:30","{}"
"5b58bdc8-1b34-4781-b193-8bb27ebca94e","Grapes","Seedless grapes","150.00","12.00",40,"{https://picsum.photos/200?4}","0.00",0,False,True,"11111111-1111-1111-1111-111111111111","a1b2c3d4-e5f6-7890-1234-567890abcdef","2025-06-23 17:43:27.122+05:30","2025-06-23 17:43:27.122+05:30","{}"
"6b020483-2cea-4796-8f0c-8f3d8a07b3cf","Mango","Alphonso mangoes","200.00","15.00",30,"{https://picsum.photos/200?5}","0.00",0,False,True,"11111111-1111-1111-1111-111111111111","a1b2c3d4-e5f6-7890-1234-567890abcdef","2025-06-23 17:43:27.122+05:30","2025-06-23 17:43:27.122+05:30","{}"
"46e03879-699d-443c-a2fa-f7e3f60c3f44","Tomato","Fresh tomatoes","40.00","5.00",80,"{https://picsum.photos/200?6}","0.00",0,False,True,"22222222-2222-2222-2222-222222222222","a1b2c3d4-e5f6-7890-1234-567890abcdef","2025-06-23 17:43:27.122+05:30","2025-06-23 17:43:27.122+05:30","{}"
"48065fa8-ff03-4f41-abd2-f05eee9670cd","Potato","Organic potatoes","35.00","7.00",90,"{https://picsum.photos/200?7}","0.00",0,False,True,"22222222-2222-2222-2222-222222222222","a1b2c3d4-e5f6-7890-1234-567890abcdef","2025-06-23 17:43:27.122+05:30","2025-06-23 17:43:27.122+05:30","{}"
"bfa6b585-a77c-4747-8196-c7be826eabc2","Carrot","Crunchy carrots","50.00","5.00",60,"{https://picsum.photos/200?8}","0.00",0,False,True,"22222222-2222-2222-2222-222222222222","a1b2c3d4-e5f6-7890-1234-567890abcdef","2025-06-23 17:43:27.122+05:30","2025-06-23 17:43:27.122+05:30","{}"
"9e626477-45c3-47a8-a8c9-822b542f603b","Spinach","Fresh spinach","35.00","4.00",90,"{https://picsum.photos/200?9}","0.00",0,False,True,"22222222-2222-2222-2222-222222222222","a1b2c3d4-e5f6-7890-1234-567890abcdef","2025-06-23 17:43:27.122+05:30","2025-06-23 17:43:27.122+05:30","{}"
"b3b314d0-d31a-4b49-a7e4-f72055ee4d34","Broccoli","Green broccoli","70.00","7.00",35,"{https://picsum.photos/200?10}","0.00",0,False,True,"22222222-2222-2222-2222-222222222222","a1b2c3d4-e5f6-7890-1234-567890abcdef","2025-06-23 17:43:27.122+05:30","2025-06-23 17:43:27.122+05:30","{}"
"fafa0874-066c-4157-8855-05a631388317","Apple","Fresh red apples","120.00","10.00",50,"{https://picsum.photos/200?1}","0.00",0,False,True,"11111111-1111-1111-1111-111111111111","a1b2c3d4-e5f6-7890-1234-567890abcdef","2025-06-23 17:44:33.875+05:30","2025-06-23 17:44:33.875+05:30","{}"
"90b3f58a-68f5-4dbc-9baa-7e29fff7a537","Banana","Sweet bananas","60.00","5.00",100,"{https://picsum.photos/200?2}","0.00",0,False,True,"11111111-1111-1111-1111-111111111111","a1b2c3d4-e5f6-7890-1234-567890abcdef","2025-06-23 17:44:33.875+05:30","2025-06-23 17:44:33.875+05:30","{}"
"d4fd5367-8659-4c98-a3c4-9073bf42ae6f","Orange","Juicy oranges","80.00","8.00",70,"{https://picsum.photos/200?3}","0.00",0,False,True,"11111111-1111-1111-1111-111111111111","a1b2c3d4-e5f6-7890-1234-567890abcdef","2025-06-23 17:44:33.875+05:30","2025-06-23 17:44:33.875+05:30","{}"
"3d7d59a6-d86d-4ce2-a48f-d9f7c59e2514","Grapes","Seedless grapes","150.00","12.00",40,"{https://picsum.photos/200?4}","0.00",0,False,True,"11111111-1111-1111-1111-111111111111","a1b2c3d4-e5f6-7890-1234-567890abcdef","2025-06-23 17:44:33.875+05:30","2025-06-23 17:44:33.875+05:30","{}"
"4d353f9f-3748-422f-b4ef-8857bd9ec1ac","Mango","Alphonso mangoes","200.00","15.00",30,"{https://picsum.photos/200?5}","0.00",0,False,True,"11111111-1111-1111-1111-111111111111","a1b2c3d4-e5f6-7890-1234-567890abcdef","2025-06-23 17:44:33.875+05:30","2025-06-23 17:44:33.875+05:30","{}"
"7dda5c58-42b8-4476-9fed-58374973918d","Tomato","Fresh tomatoes","40.00","5.00",80,"{https://picsum.photos/200?6}","0.00",0,False,True,"22222222-2222-2222-2222-222222222222","a1b2c3d4-e5f6-7890-1234-567890abcdef","2025-06-23 17:44:33.875+05:30","2025-06-23 17:44:33.875+05:30","{}"
"1b27de40-abe1-466b-a38c-89a9bc6910ae","Potato","Organic potatoes","35.00","7.00",90,"{https://picsum.photos/200?7}","0.00",0,False,True,"22222222-2222-2222-2222-222222222222","a1b2c3d4-e5f6-7890-1234-567890abcdef","2025-06-23 17:44:33.875+05:30","2025-06-23 17:44:33.875+05:30","{}"
"158eb70a-5570-4759-90ad-af58067dbfce","Carrot","Crunchy carrots","50.00","5.00",60,"{https://picsum.photos/200?8}","0.00",0,False,True,"22222222-2222-2222-2222-222222222222","a1b2c3d4-e5f6-7890-1234-567890abcdef","2025-06-23 17:44:33.875+05:30","2025-06-23 17:44:33.875+05:30","{}"
"60deac56-5fdc-42e3-b06b-60da2a2068dc","Spinach","Fresh spinach","35.00","4.00",90,"{https://picsum.photos/200?9}","0.00",0,False,True,"22222222-2222-2222-2222-222222222222","a1b2c3d4-e5f6-7890-1234-567890abcdef","2025-06-23 17:44:33.875+05:30","2025-06-23 17:44:33.875+05:30","{}"
"904228c3-312b-4e3a-bfee-2d80c690b95b","Broccoli","Green broccoli","70.00","7.00",35,"{https://picsum.photos/200?10}","0.00",0,False,True,"22222222-2222-2222-2222-222222222222","a1b2c3d4-e5f6-7890-1234-567890abcdef","2025-06-23 17:44:33.875+05:30","2025-06-23 17:44:33.875+05:30","{}"
"1eeb9843-755a-453e-8169-07a2b3939bc1","Apple","Fresh red apples","120.00","10.00",50,"{https://picsum.photos/200?1}","0.00",0,False,True,"11111111-1111-1111-1111-111111111111","a1b2c3d4-e5f6-7890-1234-567890abcdef","2025-06-23 17:48:53.582+05:30","2025-06-23 17:48:53.582+05:30","{}"
"9d679660-108f-426d-94aa-4f435e42f160","Banana","Sweet bananas","60.00","5.00",100,"{https://picsum.photos/200?2}","0.00",0,False,True,"11111111-1111-1111-1111-111111111111","a1b2c3d4-e5f6-7890-1234-567890abcdef","2025-06-23 17:48:53.582+05:30","2025-06-23 17:48:53.582+05:30","{}"
"888ea4da-3a08-4166-b4e1-297b93894fa7","Orange","Juicy oranges","80.00","8.00",70,"{https://picsum.photos/200?3}","0.00",0,False,True,"11111111-1111-1111-1111-111111111111","a1b2c3d4-e5f6-7890-1234-567890abcdef","2025-06-23 17:48:53.582+05:30","2025-06-23 17:48:53.582+05:30","{}"
"81284894-eb75-4296-bd03-e27e6312d0d3","Grapes","Seedless grapes","150.00","12.00",40,"{https://picsum.photos/200?4}","0.00",0,False,True,"11111111-1111-1111-1111-111111111111","a1b2c3d4-e5f6-7890-1234-567890abcdef","2025-06-23 17:48:53.582+05:30","2025-06-23 17:48:53.582+05:30","{}"
"900388cb-6089-4a33-a576-0ec69045b6e9","Mango","Alphonso mangoes","200.00","15.00",30,"{https://picsum.photos/200?5}","0.00",0,False,True,"11111111-1111-1111-1111-111111111111","a1b2c3d4-e5f6-7890-1234-567890abcdef","2025-06-23 17:48:53.582+05:30","2025-06-23 17:48:53.582+05:30","{}"
"cddd1ee1-e8da-4579-a8f6-bb0b966ca706","Tomato","Fresh tomatoes","40.00","5.00",80,"{https://picsum.photos/200?6}","0.00",0,False,True,"22222222-2222-2222-2222-222222222222","a1b2c3d4-e5f6-7890-1234-567890abcdef","2025-06-23 17:48:53.582+05:30","2025-06-23 17:48:53.582+05:30","{}"
"20683911-ad20-4d07-8eee-897737f8f4e0","Potato","Organic potatoes","35.00","7.00",90,"{https://picsum.photos/200?7}","0.00",0,False,True,"22222222-2222-2222-2222-222222222222","a1b2c3d4-e5f6-7890-1234-567890abcdef","2025-06-23 17:48:53.582+05:30","2025-06-23 17:48:53.582+05:30","{}"
"3f105fdd-cc12-43a8-b520-f19aea12dacb","Carrot","Crunchy carrots","50.00","5.00",60,"{https://picsum.photos/200?8}","0.00",0,False,True,"22222222-2222-2222-2222-222222222222","a1b2c3d4-e5f6-7890-1234-567890abcdef","2025-06-23 17:48:53.582+05:30","2025-06-23 17:48:53.582+05:30","{}"
"075d0970-23b7-42ed-a71c-49c219df8248","Spinach","Fresh spinach","35.00","4.00",90,"{https://picsum.photos/200?9}","0.00",0,False,True,"22222222-2222-2222-2222-222222222222","a1b2c3d4-e5f6-7890-1234-567890abcdef","2025-06-23 17:48:53.582+05:30","2025-06-23 17:48:53.582+05:30","{}"
"6ae388af-53ed-4c33-a143-364d0dcb6f96","Broccoli","Green broccoli","70.00","7.00",35,"{https://picsum.photos/200?10}","0.00",0,False,True,"22222222-2222-2222-2222-222222222222","a1b2c3d4-e5f6-7890-1234-567890abcdef","2025-06-23 17:48:53.582+05:30","2025-06-23 17:48:53.582+05:30","{}"
"ba14e834-3f4b-4ce2-a5c0-d82587ad1f48","Apple","Fresh red apples","120.00","10.00",50,"{https://picsum.photos/200?1}","0.00",0,False,True,"11111111-1111-1111-1111-111111111111","a1b2c3d4-e5f6-7890-1234-567890abcdef","2025-06-23 17:49:07.287+05:30","2025-06-23 17:49:07.287+05:30","{}"
"8027e532-2109-46f6-984f-5bd03611ff89","Banana","Sweet bananas","60.00","5.00",100,"{https://picsum.photos/200?2}","0.00",0,False,True,"11111111-1111-1111-1111-111111111111","a1b2c3d4-e5f6-7890-1234-567890abcdef","2025-06-23 17:49:07.287+05:30","2025-06-23 17:49:07.287+05:30","{}"
"1f54bcff-975a-4570-828d-9c25712dffe7","Orange","Juicy oranges","80.00","8.00",70,"{https://picsum.photos/200?3}","0.00",0,False,True,"11111111-1111-1111-1111-111111111111","a1b2c3d4-e5f6-7890-1234-567890abcdef","2025-06-23 17:49:07.287+05:30","2025-06-23 17:49:07.287+05:30","{}"
"64f1d3ae-1e83-4d6e-ab10-145673edc9d4","Grapes","Seedless grapes","150.00","12.00",40,"{https://picsum.photos/200?4}","0.00",0,False,True,"11111111-1111-1111-1111-111111111111","a1b2c3d4-e5f6-7890-1234-567890abcdef","2025-06-23 17:49:07.287+05:30","2025-06-23 17:49:07.287+05:30","{}"
"93ff5562-7d18-46eb-9a8e-590cc93dcefb","Mango","Alphonso mangoes","200.00","15.00",30,"{https://picsum.photos/200?5}","0.00",0,False,True,"11111111-1111-1111-1111-111111111111","a1b2c3d4-e5f6-7890-1234-567890abcdef","2025-06-23 17:49:07.287+05:30","2025-06-23 17:49:07.287+05:30","{}"
"1b494748-3ab6-44d8-994d-1375bc548f89","Tomato","Fresh tomatoes","40.00","5.00",80,"{https://picsum.photos/200?6}","0.00",0,False,True,"22222222-2222-2222-2222-222222222222","a1b2c3d4-e5f6-7890-1234-567890abcdef","2025-06-23 17:49:07.287+05:30","2025-06-23 17:49:07.287+05:30","{}"
"18df7cc5-3fe1-49d9-9dfa-7a4f3a15f422","Avocado","Creamy avocado halves","110.00","8.00",60,"{https://media.istockphoto.com/id/157070012/photo/avocado-isolated-on-a-white-background.jpg?s=612x612&w=0&k=20&c=mVjHoixEUq__rrB1F3qjMKcchSIniBBwIpS7wlOdiWc=}","0.00",0,False,True,"22222222-2222-2222-2222-222222222222","a1b2c3d4-e5f6-7890-1234-567890abcdef","2025-06-23 18:09:03.736+05:30","2025-06-23 18:09:03.736+05:30","{}"
"c3343b61-8584-45bc-8573-6e41af7d096a","Dragon Fruit","Exotic dragon fruit","150.00","10.00",40,"{https://encrypted-tbn0.gstatic.com/images?q=tbn:ANd9GcTHqo2X7WCTeUUFL-Iu2SE9fQ7Vv0w7naqFPA&s}","0.00",0,False,True,"22222222-2222-2222-2222-222222222222","a1b2c3d4-e5f6-7890-1234-567890abcdef","2025-06-23 18:09:03.736+05:30","2025-06-23 18:09:03.736+05:30","{}"
"3472157f-641c-4e64-8505-6981881c04c5","Zucchini","Tender zucchini","45.00","3.00",110,"{https://encrypted-tbn0.gstatic.com/images?q=tbn:ANd9GcTHqo2X7WCTeUUFL-Iu2SE9fQ7Vv0w7naqFPA&s}","0.00",0,False,True,"22222222-2222-2222-2222-222222222222","a1b2c3d4-e5f6-7890-1234-567890abcdef","2025-06-23 18:09:03.736+05:30","2025-06-23 18:09:03.736+05:30","{}"
"63a8dba6-2acd-4c00-a8d7-7dda20184169","Pumpkin","Organic pumpkin","35.00","4.00",130,"{https://seed2plant.in/cdn/shop/products/pumpkinseeds.jpg?v=1603969662}","0.00",0,False,True,"22222222-2222-2222-2222-222222222222","a1b2c3d4-e5f6-7890-1234-567890abcdef","2025-06-23 18:09:03.736+05:30","2025-06-23 18:09:03.736+05:30","{}"
"e374defd-e4cb-4831-a5f2-84ecfaa99a32","Blueberries","Juicy blueberries","120.00","7.00",50,"{https://seed2plant.in/cdn/shop/products/pumpkinseeds.jpg?v=1603969662}","0.00",0,False,True,"22222222-2222-2222-2222-222222222222","a1b2c3d4-e5f6-7890-1234-567890abcdef","2025-06-23 18:09:03.736+05:30","2025-06-23 18:09:03.736+05:30","{}"
"e8fa74f0-7880-4380-ba13-e98a664f433d","Coconut","Brown whole coconut","40.00","3.00",90,"{https://encrypted-tbn0.gstatic.com/images?q=tbn:ANd9GcSzewm0CD3LBLqPU3IAtLWkJZ8lAgONVwmicsmXtx-oTg8kCw4FnvvSglPfqTRcu2-ltuWv7w4uzn2na3uFBPwtRw}","0.00",0,False,True,"22222222-2222-2222-2222-222222222222","a1b2c3d4-e5f6-7890-1234-567890abcdef","2025-06-23 18:09:03.736+05:30","2025-06-23 18:09:03.736+05:30","{}"
"aaac56cd-4805-41f7-bf43-ddbb709c9000","Papaya","Ripe papaya slices","55.00","4.00",80,"{https://encrypted-tbn0.gstatic.com/images?q=tbn:ANd9GcSzewm0CD3LBLqPU3IAtLWkJZ8lAgONVwmicsmXtx-oTg8kCw4FnvvSglPfqTRcu2-ltuWv7w4uzn2na3uFBPwtRw}","0.00",0,False,True,"22222222-2222-2222-2222-222222222222","a1b2c3d4-e5f6-7890-1234-567890abcdef","2025-06-23 18:09:03.736+05:30","2025-06-23 18:09:03.736+05:30","{}"
"d856ddeb-2832-4954-a136-4eb18345cf47","Lettuce","Fresh lettuce leaves","30.00","2.00",120,"{https://seed2plant.in/cdn/shop/products/pumpkinseeds.jpg?v=1603969662}","0.00",0,False,True,"22222222-2222-2222-2222-222222222222","a1b2c3d4-e5f6-7890-1234-567890abcdef","2025-06-23 18:09:03.736+05:30","2025-06-23 18:09:03.736+05:30","{}"
"51914550-4cec-40bc-b79a-a8a2d75466ea","Kiwi","Fresh green kiwi","60.00","5.00",100,"{https://im.pluckk.in/unsafe/1200x0/uploads/6996-pineapple.jpg}","0.00",0,False,True,"22222222-2222-2222-2222-222222222222","a1b2c3d4-e5f6-7890-1234-567890abcdef","2025-06-23 18:09:03.736+05:30","2025-06-23 18:09:03.736+05:30","{}"
"ceb76244-41d8-4f9c-ade5-8f68f468136e","Pineapple","Sweet pineapple chunks","90.00","10.00",70,"{https://im.pluckk.in/unsafe/1200x0/uploads/6996-pineapple.jpg}","0.00",0,False,True,"22222222-2222-2222-2222-222222222222","a1b2c3d4-e5f6-7890-1234-567890abcdef","2025-06-23 18:09:03.736+05:30","2025-06-23 18:09:03.736+05:30","{}"
"7cf77bad-c4a0-454b-a547-f996988b6a61","SONA MEAT MASALA","This is a high-quality sona meat masala 48 available at the best price.","120.00","0.00",79,"{https://picsum.photos/seed/48dca82960/200}","0.00",0,False,True,"22222222-2222-2222-2222-222222222222","a1b2c3d4-e5f6-7890-1234-567890abcdef","2025-06-29 13:05:43.531+05:30","2025-06-29 13:05:43.531+05:30","{}"
"afe522be-f276-4d75-bb2b-ae89321c2c26","RIDDHI SIDDHI RICE","This is a high-quality riddhi siddhi rice available at the best price.","852.00","0.00",525,"{https://picsum.photos/seed/4865a57b36/200}","0.00",0,False,True,"22222222-2222-2222-2222-222222222222","a1b2c3d4-e5f6-7890-1234-567890abcdef","2025-06-29 13:05:43.531+05:30","2025-06-29 13:05:43.531+05:30","{}"
"a88c37da-aa41-40c0-895a-c80568a85fc8","PAPAD","This is a high-quality 3d papad available at the best price.","535.00","0.00",365,"{https://picsum.photos/seed/d77d5efbaf/200}","0.00",0,False,True,"22222222-2222-2222-2222-222222222222","a1b2c3d4-e5f6-7890-1234-567890abcdef","2025-06-29 13:05:43.531+05:30","2025-06-29 13:05:43.531+05:30","{}"
"eb8206b9-95c7-480f-9ec8-6640e818e26c","Mustard OIL","This is a high-quality 7 in oil  mrp 75 available at the best price.","850.00","0.00",783,"{https://picsum.photos/seed/2d54b2c607/200}","0.00",0,False,True,"22222222-2222-2222-2222-222222222222","a1b2c3d4-e5f6-7890-1234-567890abcdef","2025-06-29 13:05:43.531+05:30","2025-06-29 13:05:43.531+05:30","{}"
"e27a1f65-45cd-4d3a-9802-8eefe35fc313","OIL","This is a high-quality 7 in oil  mrp 139 available at the best price.","660.00","0.00",395,"{https://picsum.photos/seed/42f7ba92ff/200}","0.00",0,False,True,"22222222-2222-2222-2222-222222222222","a1b2c3d4-e5f6-7890-1234-567890abcdef","2025-06-29 13:05:43.531+05:30","2025-06-29 13:05:43.531+05:30","{}"
"29d44a25-4ca4-4510-8626-8234543bcebd","AASHIVAD AATA ","This is a high-quality aash rvaad ata  mrp117 available at the best price.","725.00","0.00",893,"{https://picsum.photos/seed/1b0858bed5/200}","0.00",0,False,True,"22222222-2222-2222-2222-222222222222","a1b2c3d4-e5f6-7890-1234-567890abcdef","2025-06-29 13:05:43.531+05:30","2025-06-29 13:05:43.531+05:30","{}"
"e624e6fd-b218-4f2f-b135-74dafd033012","ADULT DIPER SIZE L","This is a high-quality adult diper size l available at the best price.","965.00","0.00",586,"{https://picsum.photos/seed/7f91964109/200}","0.00",0,False,True,"22222222-2222-2222-2222-222222222222","a1b2c3d4-e5f6-7890-1234-567890abcdef","2025-06-29 13:05:43.531+05:30","2025-06-29 13:05:43.531+05:30","{}"
"25d2002c-f58e-4db1-9e96-d9a2e4aa316a","ADULT DIPER SIZE M","This is a high-quality adult diper size m available at the best price.","798.00","0.00",758,"{https://picsum.photos/seed/1cf83c0190/200}","0.00",0,False,True,"22222222-2222-2222-2222-222222222222","a1b2c3d4-e5f6-7890-1234-567890abcdef","2025-06-29 13:05:43.531+05:30","2025-06-29 13:05:43.531+05:30","{}"
"2dbd9eec-f858-4fb1-ad59-9797b18257d1","AGARBATTI PINEAPPLE DHUP","This is a high-quality agarbatti pineapple dhup available at the best price.","430.00","0.00",288,"{https://picsum.photos/seed/cc8576a2ad/200}","0.00",0,False,True,"22222222-2222-2222-2222-222222222222","a1b2c3d4-e5f6-7890-1234-567890abcdef","2025-06-29 13:05:43.531+05:30","2025-06-29 13:05:43.531+05:30","{}"
"f9d1dd7d-c565-44f9-a6d6-48b0b22c61b3","AGARBATTI PINK DHUP","This is a high-quality agarbatti pink dhup available at the best price.","225.00","0.00",712,"{https://picsum.photos/seed/00c9d8178e/200}","0.00",0,False,True,"22222222-2222-2222-2222-222222222222","a1b2c3d4-e5f6-7890-1234-567890abcdef","2025-06-29 13:05:43.531+05:30","2025-06-29 13:05:43.531+05:30","{}"
